{
  "services": [
    {
      "name": "Uber",
      "slug": "uber.com",
      "category": "Mobility",
      "icon": "🚕",
      "affiliate_url": "https://uber.com",
      "countries": ["ALL"]
    },
    {
      "name": "Bolt",
      "slug": "bolt.eu",
      "category": "Mobility",
      "icon": "🚖",
      "affiliate_url": "https://bolt.eu",
      "countries": ["AT","BE","FR","DE","IT","ES","PT","PL","UK","EE","LV","LT","SK","HR"]
    },
    {
      "name": "FREE NOW",
      "slug": "free-now.com",
      "category": "Mobility",
      "icon": "🚕",
      "affiliate_url": "https://free-now.com",
      "countries": ["DE","FR","IT","ES","PT","IE","UK","PL"]
    },
    {
      "name": "Enjoy",
      "slug": "enjoy.eni.com",
      "category": "Car Sharing",
      "icon": "🚗",
      "affiliate_url": "https://enjoy.eni.com",
      "countries": ["IT"]
    },
    {
      "name": "SHARE NOW",
      "slug": "share-now.com",
      "category": "Car Sharing",
      "icon": "🚘",
      "affiliate_url": "https://www.share-now.com",
      "countries": ["DE","FR","IT","ES","AT","BE","NL"]
    },
    {
      "name": "eCooltra",
      "slug": "ecooltra.com",
      "category": "Scooter",
      "icon": "🛵",
      "affiliate_url": "https://www.ecooltra.com",
      "countries": ["IT","ES","PT","FR"]
    },
    {
      "name": "Lime",
      "slug": "li.me",
      "category": "E-Scooter",
      "icon": "🛴",
      "affiliate_url": "https://li.me",
      "countries": ["FR","DE","IT","ES","PT","SE","NO","UK","AT","DK","FI"]
    },
    {
      "name": "TIER",
      "slug": "tier.app",
      "category": "E-Scooter",
      "icon": "🛴",
      "affiliate_url": "https://www.tier.app",
      "countries": ["DE","AT","NO","SE","IT","FR","NL","DK","PL","FI"]
    },
    {
      "name": "Voi",
      "slug": "voi.com",
      "category": "E-Scooter",
      "icon": "🛴",
      "affiliate_url": "https://www.voi.com",
      "countries": ["SE","DK","FI","DE","FR","IT","ES","UK","NO"]
    },
    {
      "name": "Dott",
      "slug": "ridedott.com",
      "category": "E-Scooter",
      "icon": "🚲",
      "affiliate_url": "https://ridedott.com",
      "countries": ["FR","BE","IT","DE","PL","ES","NL"]
    },
    {
      "name": "Citymapper",
      "slug": "citymapper.com",
      "category": "Transit",
      "icon": "🚌",
      "affiliate_url": "https://citymapper.com",
      "countries": ["ALL"]
    },
    {
      "name": "Moovit",
      "slug": "moovitapp.com",
      "category": "Transit",
      "icon": "🚇",
      "affiliate_url": "https://moovitapp.com",
      "countries": ["ALL"]
    },
    {
      "name": "Airalo",
      "slug": "airalo.com",
      "category": "Connectivity",
      "icon": "📶",
      "affiliate_url": "https://airalo.com",
      "countries": ["ALL"]
    },
    {
      "name": "Holafly",
      "slug": "holafly.com",
      "category": "Connectivity",
      "icon": "📡",
      "affiliate_url": "https://holafly.com",
      "countries": ["ALL"]
    },
    {
      "name": "Nomad",
      "slug": "getnomad.app",
      "category": "Connectivity",
      "icon": "📱",
      "affiliate_url": "https://getnomad.app",
      "countries": ["ALL"]
    },
    {
      "name": "GigSky",
      "slug": "gigsky.com",
      "category": "Connectivity",
      "icon": "🌐",
      "affiliate_url": "https://gigsky.com",
      "countries": ["ALL"]
    },
    {
      "name": "Revolut",
      "slug": "revolut.com",
      "category": "Fintech",
      "icon": "💳",
      "affiliate_url": "https://revolut.com",
      "countries": ["ALL"]
    },
    {
      "name": "Wise",
      "slug": "wise.com",
      "category": "Fintech",
      "icon": "💱",
      "affiliate_url": "https://wise.com",
      "countries": ["ALL"]
    },
    {
      "name": "N26",
      "slug": "n26.com",
      "category": "Fintech",
      "icon": "🏦",
      "affiliate_url": "https://n26.com",
      "countries": ["DE","AT","IT","ES","FR","NL","BE","IE"]
    },
    {
      "name": "Wolt",
      "slug": "wolt.com",
      "category": "Food",
      "icon": "🍔",
      "affiliate_url": "https://wolt.com",
      "countries": ["AT","DE","GR","IT","SE","FI","PL","NO","DK","EE","LV","LT"]
    },
    {
      "name": "Glovo",
      "slug": "glovoapp.com",
      "category": "Food",
      "icon": "🥡",
      "affiliate_url": "https://glovoapp.com",
      "countries": ["IT","ES","PT","RO","PL","UA","HR","RS","GE","BA"]
    },
    {
      "name": "Deliveroo",
      "slug": "deliveroo.com",
      "category": "Food",
      "icon": "🥢",
      "affiliate_url": "https://deliveroo.com",
      "countries": ["IT","FR","UK","NL","BE","ES","IE"]
    },
    {
      "name": "UberEats",
      "slug": "ubereats.com",
      "category": "Food",
      "icon": "🍕",
      "affiliate_url": "https://ubereats.com",
      "countries": ["ALL"]
    },
    {
      "name": "GetYourGuide",
      "slug": "getyourguide.com",
      "category": "Tours",
      "icon": "🎟️",
      "affiliate_url": "https://getyourguide.com",
      "countries": ["ALL"]
    },
    {
      "name": "Klook",
      "slug": "klook.com",
      "category": "Tours",
      "icon": "🌍",
      "affiliate_url": "https://klook.com",
      "countries": ["ALL"]
    },
    {
      "name": "TheFork",
      "slug": "thefork.com",
      "category": "Restaurants",
      "icon": "🍴",
      "affiliate_url": "https://thefork.com",
      "countries": ["IT","FR","ES","PT","BE","NL","SE","DK"]
    },
    {
      "name": "BlaBlaCar",
      "slug": "blablacar.com",
      "category": "Mobility",
      "icon": "🚗",
      "affiliate_url": "https://blablacar.com",
      "countries": ["ALL"]
    },
    {
      "name": "FlixBus",
      "slug": "flixbus.com",
      "category": "Transit",
      "icon": "🚌",
      "affiliate_url": "https://flixbus.com",
      "countries": ["ALL"]
    },
    {
      "name": "Omio",
      "slug": "omio.com",
      "category": "Transit",
      "icon": "🚆",
      "affiliate_url": "https://omio.com",
      "countries": ["ALL"]
    },
    {
      "name": "Italo",
      "slug": "italotreno.it",
      "category": "Transit",
      "icon": "🚄",
      "affiliate_url": "https://italotreno.it",
      "countries": ["ALL"]
    },
    {
      "name": "Trenitalia",
      "slug": "trenitalia.com",
      "category": "Transit",
      "icon": "🚆",
      "affiliate_url": "https://trenitalia.com",
      "countries": ["ALL"]
    },
    {
      "name": "SNCF",
      "slug": "sncf.com",
      "category": "Transit",
      "icon": "🚆",
      "affiliate_url": "https://sncf.com",
      "countries": ["ALL"]
    },
    {
      "name": "Renfe",
      "slug": "renfe.com",
      "category": "Transit",
      "icon": "🚆",
      "affiliate_url": "https://renfe.com",
      "countries": ["ALL"]
    },
    {
      "name": "NS",
      "slug": "ns.nl",
      "category": "Transit",
      "icon": "🚆",
      "affiliate_url": "https://ns.nl",
      "countries": ["ALL"]
    },
    {
      "name": "SBB",
      "slug": "sbb.ch",
      "category": "Transit",
      "icon": "🚆",
      "affiliate_url": "https://sbb.ch",
      "countries": ["ALL"]
    },
    {
      "name": "ÖBB",
      "slug": "oebb.at",
      "category": "Transit",
      "icon": "🚆",
      "affiliate_url": "https://oebb.at",
      "countries": ["ALL"]
    },
    {
      "name": "Bird",
      "slug": "bird.co",
      "category": "E-Scooter",
      "icon": "🛴",
      "affiliate_url": "https://bird.co",
      "countries": ["ALL"]
    },
    {
      "name": "Circ",
      "slug": "circ.com",
      "category": "E-Scooter",
      "icon": "🛴",
      "affiliate_url": "https://circ.com",
      "countries": ["ALL"]
    },
    {
      "name": "NextBike",
      "slug": "nextbike.net",
      "category": "Bike Sharing",
      "icon": "🚲",
      "affiliate_url": "https://nextbike.net",
      "countries": ["ALL"]
    },
    {
      "name": "DonkeyRepublic",
      "slug": "donkey.bike",
      "category": "Bike Sharing",
      "icon": "🚲",
      "affiliate_url": "https://donkey.bike",
      "countries": ["ALL"]
    },
    {
      "name": "Booking.com",
      "slug": "booking.com",
      "category": "Travel",
      "icon": "🏨",
      "affiliate_url": "https://booking.com",
      "countries": ["ALL"]
    },
    {
      "name": "Hotels.com",
      "slug": "hotels.com",
      "category": "Travel",
      "icon": "🏨",
      "affiliate_url": "https://hotels.com",
      "countries": ["ALL"]
    },
    {
      "name": "Airbnb",
      "slug": "airbnb.com",
      "category": "Travel",
      "icon": "🏠",
      "affiliate_url": "https://airbnb.com",
      "countries": ["ALL"]
    },
    {
      "name": "Hostelworld",
      "slug": "hostelworld.com",
      "category": "Travel",
      "icon": "🛌",
      "affiliate_url": "https://hostelworld.com",
      "countries": ["ALL"]
    },
    {
      "name": "JustEat",
      "slug": "just-eat.com",
      "category": "Food",
      "icon": "🍔",
      "affiliate_url": "https://just-eat.com",
      "countries": ["ALL"]
    },
    {
      "name": "Foodora",
      "slug": "foodora.com",
      "category": "Food",
      "icon": "🍱",
      "affiliate_url": "https://foodora.com",
      "countries": ["ALL"]
    },
    {
      "name": "Picnic",
      "slug": "picnic.app",
      "category": "Food Delivery",
      "icon": "🛒",
      "affiliate_url": "https://picnic.app",
      "countries": ["ALL"]
    },
    {
      "name": "Gorillas",
      "slug": "gorillas.io",
      "category": "Food Delivery",
      "icon": "🥬",
      "affiliate_url": "https://gorillas.io",
      "countries": ["ALL"]
    },
    {
      "name": "Flink",
      "slug": "goflink.com",
      "category": "Food Delivery",
      "icon": "🍎",
      "affiliate_url": "https://goflink.com",
      "countries": ["ALL"]
    },
    {
      "name": "Getir",
      "slug": "getir.com",
      "category": "Food Delivery",
      "icon": "🥕",
      "affiliate_url": "https://getir.com",
      "countries": ["ALL"]
    },
    {
      "name": "Monzo",
      "slug": "monzo.com",
      "category": "Fintech",
      "icon": "🏦",
      "affiliate_url": "https://monzo.com",
      "countries": ["ALL"]
    },
    {
      "name": "Lydia",
      "slug": "lydia-app.com",
      "category": "Fintech",
      "icon": "💶",
      "affiliate_url": "https://lydia-app.com",
      "countries": ["ALL"]
    },
    {
      "name": "Curve",
      "slug": "curve.com",
      "category": "Fintech",
      "icon": "💳",
      "affiliate_url": "https://curve.com",
      "countries": ["ALL"]
    },
    {
      "name": "Wise Business",
      "slug": "wise.com",
      "category": "Fintech",
      "icon": "💱",
      "affiliate_url": "https://wise.com/business",
      "countries": ["ALL"]
    },
    {
      "name": "Revolut Business",
      "slug": "business.revolut.com",
      "category": "Fintech",
      "icon": "💳",
      "affiliate_url": "https://business.revolut.com",
      "countries": ["ALL"]
    },
    {
      "name": "Ryanair",
      "slug": "ryanair.com",
      "category": "Flights",
      "icon": "✈️",
      "affiliate_url": "https://ryanair.com",
      "countries": ["ALL"]
    },
    {
      "name": "WizzAir",
      "slug": "wizzair.com",
      "category": "Flights",
      "icon": "✈️",
      "affiliate_url": "https://wizzair.com",
      "countries": ["ALL"]
    },
    {
      "name": "EasyJet",
      "slug": "easyjet.com",
      "category": "Flights",
      "icon": "✈️",
      "affiliate_url": "https://easyjet.com",
      "countries": ["ALL"]
    },
    {
      "name": "Lufthansa",
      "slug": "lufthansa.com",
      "category": "Flights",
      "icon": "✈️",
      "affiliate_url": "https://lufthansa.com",
      "countries": ["ALL"]
    },
    {
      "name": "KLM",
      "slug": "klm.com",
      "category": "Flights",
      "icon": "✈️",
      "affiliate_url": "https://klm.com",
      "countries": ["ALL"]
    }
  ],
  "emergencies": [
    { "country": "Italy", "iso": "IT", "numbers": { "general": "112", "police": "113", "ambulance": "118", "fire": "115" } },
    { "country": "France", "iso": "FR", "numbers": { "general": "112", "police": "17", "ambulance": "15", "fire": "18" } },
    { "country": "Germany", "iso": "DE", "numbers": { "general": "112", "police": "110" } },
    { "country": "Spain", "iso": "ES", "numbers": { "general": "112", "police": "091", "civil_guard": "062" } },
    { "country": "Portugal", "iso": "PT", "numbers": { "general": "112" } },
    { "country": "United Kingdom", "iso": "UK", "numbers": { "general": "999", "alternative": "112" } },
    { "country": "Ireland", "iso": "IE", "numbers": { "general": "112", "alternative": "999" } },
    { "country": "Belgium", "iso": "BE", "numbers": { "general": "112", "fire_ambulance": "100", "police": "101" } },
    { "country": "Netherlands", "iso": "NL", "numbers": { "general": "112" } },
    { "country": "Austria", "iso": "AT", "numbers": { "general": "112", "police": "133", "ambulance": "144", "fire": "122" } },
    { "country": "Sweden", "iso": "SE", "numbers": { "general": "112" } },
    { "country": "Finland", "iso": "FI", "numbers": { "general": "112" } },
    { "country": "Denmark", "iso": "DK", "numbers": { "general": "112" } },
    { "country": "Norway", "iso": "NO", "numbers": { "police": "112", "ambulance": "113", "fire": "110" } },
    { "country": "Switzerland", "iso": "CH", "numbers": { "general": "112", "police": "117", "ambulance": "144", "fire": "118" } },
    { "country": "Poland", "iso": "PL", "numbers": { "general": "112", "police": "997", "ambulance": "999", "fire": "998" } },
    { "country": "Czech Republic", "iso": "CZ", "numbers": { "general": "112", "police": "158", "ambulance": "155", "fire": "150" } },
    { "country": "Slovakia", "iso": "SK", "numbers": { "general": "112", "police": "158", "ambulance": "155", "fire": "150" } },
    { "country": "Hungary", "iso": "HU", "numbers": { "general": "112" } },
    { "country": "Slovenia", "iso": "SI", "numbers": { "general": "112" } },
    { "country": "Croatia", "iso": "HR", "numbers": { "general": "112" } },
    { "country": "Romania", "iso": "RO", "numbers": { "general": "112" } },
    { "country": "Bulgaria", "iso": "BG", "numbers": { "general": "112" } },
    { "country": "Greece", "iso": "GR", "numbers": { "general": "112" } },
    { "country": "Estonia", "iso": "EE", "numbers": { "general": "112" } },
    { "country": "Latvia", "iso": "LV", "numbers": { "general": "112" } },
    { "country": "Lithuania", "iso": "LT", "numbers": { "general": "112" } },
    { "country": "Luxembourg", "iso": "LU", "numbers": { "general": "112" } },
    { "country": "Malta", "iso": "MT", "numbers": { "general": "112" } },
    { "country": "Cyprus", "iso": "CY", "numbers": { "general": "112" } },
    { "country": "WORLD", "iso": "ALL", "numbers": { "general": "112" } }
  ],
  "ads": [
    { "city": "Rome", "category": "Scooter", "title": "eCooltra -20% oggi", "url": "https://www.ecooltra.com/rome" },
    { "city": "Madrid", "category": "Taxi", "title": "Bolt 5€ off", "url": "https://bolt.eu/madrid" },
    { "city": "Berlin", "category": "Tour", "title": "GetYourGuide - Muro di Berlino", "url": "https://getyourguide.com/berlin" },
    { "city": "Paris", "category": "Food", "title": "Deliveroo -15%", "url": "https://deliveroo.com/fr" },
    { "city": "Vienna", "category": "E-Scooter", "title": "TIER Free Unlock", "url": "https://tier.app/at" },
    { "city": "Milan", "category": "Car Sharing", "title": "Enjoy 10€ free", "url": "https://enjoy.eni.com/milano" },
    { "city": "Barcelona", "category": "Food", "title": "Glovo 3€ off", "url": "https://glovoapp.com/es" },
    { "city": "Athens", "category": "Transit", "title": "Omio 10% sconto treni", "url": "https://omio.com/gr" },
    { "city": "Warsaw", "category": "Food", "title": "Wolt 5zł sconto", "url": "https://wolt.com/pl" },
    { "city": "Budapest", "category": "Food", "title": "Foodora -15%", "url": "https://foodora.hu" }
  ]
}
