{
  "//": "This file was generated by the `vercel build` command. It is not part of the Build Output API.",
  "target": "production",
  "argv": [
    "C:\\Program Files\\nodejs\\node.exe",
    "C:\\Users\\KR25\\AppData\\Roaming\\npm\\node_modules\\vercel\\dist\\vc.js",
    "build",
    "--prod"
  ],
  "builds": [
    {
      "require": "@vercel/next",
      "requirePath": "C:\\Users\\KR25\\AppData\\Roaming\\npm\\node_modules\\vercel\\node_modules\\@vercel\\next\\dist\\index",
      "apiVersion": 2,
      "src": "package.json",
      "use": "@vercel/next",
      "config": {
        "zeroConfig": true,
        "framework": "nextjs",
        "installCommand": "npm install",
        "buildCommand": "npm run build",
        "outputDirectory": ".next"
      }
    }
  ]
}
