[{"name":"vc.builder.install","duration":8821849,"timestamp":204668021261,"id":"cb835af3-4b67-426d-b5ce-25bc86ecfef3","parentId":"fbb20a2f-b0b9-453d-8c9a-bda9aa26bf50","tags":{"cliType":"npm","lockfileVersion":"3","installCommand":"npm install"},"startTime":1757275805253},{"name":"vc.builder.build","duration":35153340,"timestamp":204676854304,"id":"aec792a9-49f4-40f4-bcbb-7c29def0bb62","parentId":"fbb20a2f-b0b9-453d-8c9a-bda9aa26bf50","tags":{"buildCommand":"npm run build","buildScriptName":"build"},"startTime":1757275814086},{"name":"vc.builder","duration":46267057,"timestamp":204667937812,"id":"fbb20a2f-b0b9-453d-8c9a-bda9aa26bf50","parentId":"e39d5169-8bdf-4919-99b7-1332642f80e5","tags":{"name":"@vercel/next","install":"true","build":"true"},"startTime":1757275805170},{"name":"vc.builder.diagnostics","duration":1277,"timestamp":204714204931,"id":"f702c173-d75e-44b2-b0fa-1da8aba0d6f1","parentId":"fbb20a2f-b0b9-453d-8c9a-bda9aa26bf50","tags":{},"startTime":1757275851437},{"name":"vc.builder.writeBuildResult","duration":165193,"timestamp":204714206328,"id":"66a4df85-b1a8-4405-89ac-902b4170e55a","parentId":"fbb20a2f-b0b9-453d-8c9a-bda9aa26bf50","tags":{"buildOutputLength":"1"},"startTime":1757275851438},{"name":"vc.doBuild","duration":47273586,"timestamp":204667115877,"id":"e39d5169-8bdf-4919-99b7-1332642f80e5","parentId":"2c3d586d-0587-46ad-8ff0-06a9ed8b72c1","tags":{},"startTime":1757275804348},{"name":"vc","duration":47442059,"timestamp":204666947428,"id":"2c3d586d-0587-46ad-8ff0-06a9ed8b72c1","tags":{},"startTime":1757275804179}]