{
  "type": "Prerender",
  "expiration": false,
  "sourcePath": "/",
  "group": 2,
  "bypassToken": "071879f3729c79f0246b961c2c6137ae",
  "experimentalBypassFor": [
    {
      "type": "header",
      "key": "Next-Action"
    },
    {
      "type": "header",
      "key": "content-type",
      "value": "multipart/form-data;.*"
    }
  ],
  "fallback": {
    "type": "FileFsRef",
    "mode": 33188,
    "fsPath": "index.prerender-fallback.html"
  },
  "initialHeaders": {
    "x-next-cache-tags": "_N_T_/layout,_N_T_/page,_N_T_/",
    "vary": "RSC, Next-Router-State-Tree, Next-Router-Prefetch"
  },
  "allowQuery": []
}
