{
  "type": "Prerender",
  "expiration": false,
  "group": 4,
  "bypassToken": "071879f3729c79f0246b961c2c6137ae",
  "experimentalBypassFor": [
    {
      "type": "header",
      "key": "Next-Action"
    },
    {
      "type": "header",
      "key": "content-type",
      "value": "multipart/form-data;.*"
    }
  ],
  "fallback": {
    "type": "FileFsRef",
    "mode": 33188,
    "fsPath": "terms.rsc.prerender-fallback.rsc"
  },
  "initialHeaders": {
    "x-next-cache-tags": "_N_T_/layout,_N_T_/terms/layout,_N_T_/terms/page,_N_T_/terms",
    "vary": "RSC, Next-Router-State-Tree, Next-Router-Prefetch",
    "content-type": "text/x-component"
  },
  "allowQuery": []
}
